output_file,master_file,origin,ratio,width,height,service,edits,prompt_summary
ai-landscape-cabinet-detail-cleaning-01.jpg,generated-masters/ai-cabinet-detail-cleaning.png,AI-generated,1.91:1,1200,628,cabinet-detail-cleaning,生成母圖後僅裁切與 JPEG 輸出；無疊字、Logo、拼貼或額外補畫,成人清潔人員於台灣住宅清潔櫥櫃內部，人物不具可辨識臉孔
ai-square-cabinet-detail-cleaning-01.jpg,generated-masters/ai-cabinet-detail-cleaning.png,AI-generated,1:1,1200,1200,cabinet-detail-cleaning,生成母圖後僅裁切與 JPEG 輸出；無疊字、Logo、拼貼或額外補畫,成人清潔人員於台灣住宅清潔櫥櫃內部，人物不具可辨識臉孔
ai-portrait-cabinet-detail-cleaning-01.jpg,generated-masters/ai-cabinet-detail-cleaning.png,AI-generated,4:5,960,1200,cabinet-detail-cleaning,生成母圖後僅裁切與 JPEG 輸出；無疊字、Logo、拼貼或額外補畫,成人清潔人員於台灣住宅清潔櫥櫃內部，人物不具可辨識臉孔
ai-landscape-commercial-kitchen-02.jpg,generated-masters/ai-commercial-kitchen.png,AI-generated,1.91:1,1200,628,commercial-kitchen,生成母圖後僅裁切與 JPEG 輸出；無疊字、Logo、拼貼或額外補畫,成人清潔人員以洗地機清潔商業廚房地面
ai-square-commercial-kitchen-02.jpg,generated-masters/ai-commercial-kitchen.png,AI-generated,1:1,1200,1200,commercial-kitchen,生成母圖後僅裁切與 JPEG 輸出；無疊字、Logo、拼貼或額外補畫,成人清潔人員以洗地機清潔商業廚房地面
ai-portrait-commercial-kitchen-02.jpg,generated-masters/ai-commercial-kitchen.png,AI-generated,4:5,960,1200,commercial-kitchen,生成母圖後僅裁切與 JPEG 輸出；無疊字、Logo、拼貼或額外補畫,成人清潔人員以洗地機清潔商業廚房地面
ai-landscape-floor-waxing-03.jpg,generated-masters/ai-floor-waxing.png,AI-generated,1.91:1,1200,628,floor-waxing,生成母圖後僅裁切與 JPEG 輸出；無疊字、Logo、拼貼或額外補畫,成人清潔人員於大樓公共空間使用單盤洗地機
ai-square-floor-waxing-03.jpg,generated-masters/ai-floor-waxing.png,AI-generated,1:1,1200,1200,floor-waxing,生成母圖後僅裁切與 JPEG 輸出；無疊字、Logo、拼貼或額外補畫,成人清潔人員於大樓公共空間使用單盤洗地機
ai-portrait-floor-waxing-03.jpg,generated-masters/ai-floor-waxing.png,AI-generated,4:5,960,1200,floor-waxing,生成母圖後僅裁切與 JPEG 輸出；無疊字、Logo、拼貼或額外補畫,成人清潔人員於大樓公共空間使用單盤洗地機
ai-landscape-post-renovation-cleaning-04.jpg,generated-masters/ai-post-renovation-cleaning.png,AI-generated,1.91:1,1200,628,post-renovation-cleaning,生成母圖後僅裁切與 JPEG 輸出；無疊字、Logo、拼貼或額外補畫,兩名成人清潔人員進行裝潢後細清與吸塵
ai-square-post-renovation-cleaning-04.jpg,generated-masters/ai-post-renovation-cleaning.png,AI-generated,1:1,1200,1200,post-renovation-cleaning,生成母圖後僅裁切與 JPEG 輸出；無疊字、Logo、拼貼或額外補畫,兩名成人清潔人員進行裝潢後細清與吸塵
ai-portrait-post-renovation-cleaning-04.jpg,generated-masters/ai-post-renovation-cleaning.png,AI-generated,4:5,960,1200,post-renovation-cleaning,生成母圖後僅裁切與 JPEG 輸出；無疊字、Logo、拼貼或額外補畫,兩名成人清潔人員進行裝潢後細清與吸塵
ai-landscape-mold-removal-05.jpg,generated-masters/ai-mold-removal.png,AI-generated,1.91:1,1200,628,mold-removal,生成母圖後僅裁切與 JPEG 輸出；無疊字、Logo、拼貼或額外補畫,成人清潔人員刷洗浴室磁磚接縫與局部黴垢
ai-square-mold-removal-05.jpg,generated-masters/ai-mold-removal.png,AI-generated,1:1,1200,1200,mold-removal,生成母圖後僅裁切與 JPEG 輸出；無疊字、Logo、拼貼或額外補畫,成人清潔人員刷洗浴室磁磚接縫與局部黴垢
ai-portrait-mold-removal-05.jpg,generated-masters/ai-mold-removal.png,AI-generated,4:5,960,1200,mold-removal,生成母圖後僅裁切與 JPEG 輸出；無疊字、Logo、拼貼或額外補畫,成人清潔人員刷洗浴室磁磚接縫與局部黴垢
